Workbook

Sheet Productos
A1: CATÁLOGO DE PRODUCTOS
A3: ID | B3: PRODUCTO | C3: COLOR | D3: TAMAÑO | E3: NOTAS
A4: 1 | B4: MARGARITA | C4: Blanca | D4: Único
A5: 2 | B5: MARGARITA | C5: Amarilla | D5: Único
A6: 3 | B6: POLARI | C6: Blanca | D6: Único
A7: 4 | B7: POLARI | C7: Lila | D7: Único
A8: 5 | B8: POLARI | C8: Rosada | D8: Único
A9: 6 | B9: CLAVEL | C9: Rojo | D9: Único
A10: 7 | B10: CLAVEL | C10: Rosado | D10: Único
A11: 8 | B11: CLAVEL | C11: Blanco | D11: Único
A12: 9 | B12: CLAVEL | C12: Amarillo | D12: Único
A13: 10 | B13: CLAVEL | C13: Naranja | D13: Único
A14: 11 | B14: CLAVEL | C14: Rendevú | D14: Único
A15: 12 | B15: GERBERA | C15: Roja | D15: Único
... A85: 82 | B85: ROSA | C85: Amarilla | D85: Chica

Sheet Compras
A1: REGISTRO DE COMPRAS (lo que comprás cada martes)
A3: FECHA | B3: PRODUCTO | C3: COLOR | D3: TAMAÑO | E3: PROVEEDOR | F3: CANTIDAD | G3: PRECIO UNITARIO | H3: TOTAL
H4: =IF(AND(F4<>"",G4<>""),F4*G4,"")
H5: =IF(AND(F5<>"",G5<>""),F5*G5,"")
H6: =IF(AND(F6<>"",G6<>""),F6*G6,"")
H7: =IF(AND(F7<>"",G7<>""),F7*G7,"")
H8: =IF(AND(F8<>"",G8<>""),F8*G8,"")
H9: =IF(AND(F9<>"",G9<>""),F9*G9,"")
H10: =IF(AND(F10<>"",G10<>""),F10*G10,"")
H11: =IF(AND(F11<>"",G11<>""),F11*G11,"")
H12: =IF(AND(F12<>"",G12<>""),F12*G12,"")
H13: =IF(AND(F13<>"",G13<>""),F13*G13,"")
H14: =IF(AND(F14<>"",G14<>""),F14*G14,"")
H15: =IF(AND(F15<>"",G15<>""),F15*G15,"")
... H203: =IF(AND(F203<>"",G203<>""),F203*G203,"")

Sheet Pedidos
A1: REGISTRO DE PEDIDOS (lo que te piden los clientes)
A3: FECHA | B3: CLIENTE | C3: PRODUCTO | D3: COLOR | E3: TAMAÑO | F3: CANTIDAD | G3: PRECIO VENTA | H3: TOTAL | I3: ENTREGADO
H4: =IF(AND(F4<>"",G4<>""),F4*G4,"")
H5: =IF(AND(F5<>"",G5<>""),F5*G5,"")
H6: =IF(AND(F6<>"",G6<>""),F6*G6,"")
H7: =IF(AND(F7<>"",G7<>""),F7*G7,"")
H8: =IF(AND(F8<>"",G8<>""),F8*G8,"")
H9: =IF(AND(F9<>"",G9<>""),F9*G9,"")
H10: =IF(AND(F10<>"",G10<>""),F10*G10,"")
H11: =IF(AND(F11<>"",G11<>""),F11*G11,"")
H12: =IF(AND(F12<>"",G12<>""),F12*G12,"")
H13: =IF(AND(F13<>"",G13<>""),F13*G13,"")
H14: =IF(AND(F14<>"",G14<>""),F14*G14,"")
H15: =IF(AND(F15<>"",G15<>""),F15*G15,"")
... H203: =IF(AND(F203<>"",G203<>""),F203*G203,"")

Sheet Lista de Compras
A1: RESUMEN PARA COMPRAR (se arma solo en base a Pedidos)
A2: Filtrá la columna FECHA en la hoja Pedidos por la semana actual antes de mirar este resumen.
A4: PRODUCTO | B4: COLOR | C4: TAMAÑO | D4: CANTIDAD TOTAL PEDIDA
A5: MARGARITA | B5: Blanca | C5: Único | D5: =SUMIFS(Pedidos!$F$4:$F$203,Pedidos!$C$4:$C$203,A5,Pedidos!$D$4:$D$203,B5,Pedidos!$E$4:$E$203,C5) -> 0
A6: MARGARITA | B6: Amarilla | C6: Único | D6: =SUMIFS(Pedidos!$F$4:$F$203,Pedidos!$C$4:$C$203,A6,Pedidos!$D$4:$D$203,B6,Pedidos!$E$4:$E$203,C6) -> 0
A7: POLARI | B7: Blanca | C7: Único | D7: =SUMIFS(Pedidos!$F$4:$F$203,Pedidos!$C$4:$C$203,A7,Pedidos!$D$4:$D$203,B7,Pedidos!$E$4:$E$203,C7) -> 0
A8: POLARI | B8: Lila | C8: Único | D8: =SUMIFS(Pedidos!$F$4:$F$203,Pedidos!$C$4:$C$203,A8,Pedidos!$D$4:$D$203,B8,Pedidos!$E$4:$E$203,C8) -> 0
A9: POLARI | B9: Rosada | C9: Único | D9: =SUMIFS(Pedidos!$F$4:$F$203,Pedidos!$C$4:$C$203,A9,Pedidos!$D$4:$D$203,B9,Pedidos!$E$4:$E$203,C9) -> 0
A10: CLAVEL | B10: Rojo | C10: Único | D10: =SUMIFS(Pedidos!$F$4:$F$203,Pedidos!$C$4:$C$203,A10,Pedidos!$D$4:$D$203,B10,Pedidos!$E$4:$E$203,C10) -> 0
A11: CLAVEL | B11: Rosado | C11: Único | D11: =SUMIFS(Pedidos!$F$4:$F$203,Pedidos!$C$4:$C$203,A11,Pedidos!$D$4:$D$203,B11,Pedidos!$E$4:$E$203,C11) -> 0
A12: CLAVEL | B12: Blanco | C12: Único | D12: =SUMIFS(Pedidos!$F$4:$F$203,Pedidos!$C$4:$C$203,A12,Pedidos!$D$4:$D$203,B12,Pedidos!$E$4:$E$203,C12) -> 0
A13: CLAVEL | B13: Amarillo | C13: Único | D13: =SUMIFS(Pedidos!$F$4:$F$203,Pedidos!$C$4:$C$203,A13,Pedidos!$D$4:$D$203,B13,Pedidos!$E$4:$E$203,C13) -> 0
A14: CLAVEL | B14: Naranja | C14: Único | D14: =SUMIFS(Pedidos!$F$4:$F$203,Pedidos!$C$4:$C$203,A14,Pedidos!$D$4:$D$203,B14,Pedidos!$E$4:$E$203,C14) -> 0
A15: CLAVEL | B15: Rendevú | C15: Único | D15: =SUMIFS(Pedidos!$F$4:$F$203,Pedidos!$C$4:$C$203,A15,Pedidos!$D$4:$D$203,B15,Pedidos!$E$4:$E$203,C15) -> 0
A16: GERBERA | B16: Roja | C16: Único | D16: =SUMIFS(Pedidos!$F$4:$F$203,Pedidos!$C$4:$C$203,A16,Pedidos!$D$4:$D$203,B16,Pedidos!$E$4:$E$203,C16) -> 0
... A86: ROSA | B86: Amarilla | C86: Chica | D86: =SUMIFS(Pedidos!$F$4:$F$203,Pedidos!$C$4:$C$203,A86,Pedidos!$D$4:$D$203,B86,Pedidos!$E$4:$E$203,C86) -> 0
